{
  "description": "Dashing",
  "exclusive_set": "minecraft:feather_falling",
  "supported_items": "#minecraft:foot_armor",
  "primary_items": "#minecraft:foot_armor",
  "weight": 1,
  "max_level": 1,
  "min_cost": {
    "base": 1,
    "per_level_above_first": 0
  },
  "max_cost": {
    "base": 41,
    "per_level_above_first": 0
  },
  "anvil_cost": 5,
  "slots": [
    "feet"
  ],
  "effects": {
    "minecraft:tick": [
      {
        "effect": {
          "type": "minecraft:run_function",
          "function": "dashing:dash_prepare"
        },
        "requirements": {
          "condition": "minecraft:entity_properties",
          "entity": "this",
          "predicate": {
            "type": "minecraft:player",
            "type_specific": {
              "type": "minecraft:player",
              "input": {
                "sneak": true
              }
            },
            "flags": {
              "is_sprinting": true,
              "is_on_ground": false,
              "is_flying": false
            }
          }
        }
      }
    ]
  }
}